code,year,faculty,program,n_rows,applied,passed,min_score,min_score_median,max_score,n_scored_rows,apps_per_admit
10010127703701A,66,คณะครุศาสตร์,หลักสูตรครุศาสตรบัณฑิต,28,8094.0,369.0,45.5665,68.9163,92.222,23,21.934959349593495
10010127703701A,67,คณะครุศาสตร์,หลักสูตรครุศาสตรบัณฑิต,28,8073.0,322.0,48.4944,68.71935,88.111,22,25.071428571428573
10010127703701A,68,คณะครุศาสตร์,หลักสูตรครุศาสตรบัณฑิต,28,4231.0,318.0,51.5054,70.597,90.4028,21,13.30503144654088
10010127703701A,69,คณะครุศาสตร์,หลักสูตรครุศาสตรบัณฑิต,27,4662.0,290.0,43.4374,73.6353,92.3118,21,16.075862068965517
10010138113101A,66,คณะจิตวิทยา,หลักสูตรวิทยาศาสตรบัณฑิต สาขาวิชาจิตวิทยา,3,2896.0,57.0,60.961,61.5305,87.222,3,50.80701754385965
10010138113101A,67,คณะจิตวิทยา,หลักสูตรวิทยาศาสตรบัณฑิต สาขาวิชาจิตวิทยา,3,3743.0,57.0,61.0555,63.5415,87.5,3,65.66666666666667
10010138113101A,68,คณะจิตวิทยา,หลักสูตรวิทยาศาสตรบัณฑิต สาขาวิชาจิตวิทยา,3,2252.0,68.0,63.844,64.361,87.777,3,33.11764705882353
10010138113101A,69,คณะจิตวิทยา,หลักสูตรวิทยาศาสตรบัณฑิต สาขาวิชาจิตวิทยา,3,1716.0,75.0,57.929,62.437,85.492,3,22.88
10010134901001A,66,คณะนิติศาสตร์,หลักสูตรนิติศาสตรบัณฑิต,6,3173.0,250.0,63.1776,68.8305,85.9,6,12.692
10010134901001A,67,คณะนิติศาสตร์,หลักสูตรนิติศาสตรบัณฑิต,6,2068.0,250.0,65.1888,67.1721,84.9666,6,8.272
10010134901001A,68,คณะนิติศาสตร์,หลักสูตรนิติศาสตรบัณฑิต,6,2659.0,250.0,69.1388,71.8305,88.75,6,10.636
10010134901001A,69,คณะนิติศาสตร์,หลักสูตรนิติศาสตรบัณฑิต,6,1926.0,250.0,65.4586,70.1594,86.1762,6,7.704
10010128901101A,66,คณะนิเทศศาสตร์,หลักสูตรนิเทศศาสตรบัณฑิต,7,1721.0,85.0,62.9552,77.9108,93.222,7,20.24705882352941
10010128901101A,67,คณะนิเทศศาสตร์,หลักสูตรนิเทศศาสตรบัณฑิต,7,1463.0,91.0,67.6332,72.0,84.4665,7,16.076923076923077
10010128901101A,68,คณะนิเทศศาสตร์,หลักสูตรนิเทศศาสตรบัณฑิต,7,1685.0,99.0,69.6249,72.1998,87.2332,7,17.02020202020202
10010128901101A,69,คณะนิเทศศาสตร์,หลักสูตรนิเทศศาสตรบัณฑิต,7,1439.0,110.0,61.4378,69.7428,83.1638,7,13.081818181818182
10010126610501A,66,คณะพาณิชยศาสตร์และการบัญชี,หลักสูตรบัญชีบัณฑิต,2,6297.0,260.0,68.8,75.9776,95.8888,2,24.21923076923077
10010126610501A,67,คณะพาณิชยศาสตร์และการบัญชี,หลักสูตรบัญชีบัณฑิต,2,4523.0,260.0,70.4664,72.5276,95.3332,2,17.396153846153847
10010126610501A,68,คณะพาณิชยศาสตร์และการบัญชี,หลักสูตรบัญชีบัณฑิต,2,4343.0,261.0,79.2552,80.1386,94.9776,2,16.63984674329502
10010126610501A,69,คณะพาณิชยศาสตร์และการบัญชี,หลักสูตรบัญชีบัณฑิต,2,2972.0,262.0,59.8872,72.9866,93.7776,2,11.34351145038168
10010126610801A,66,คณะพาณิชยศาสตร์และการบัญชี,หลักสูตรบริหารธุรกิจบัณฑิต,2,5609.0,260.0,60.9776,69.672,92.5,2,21.573076923076922
10010126610801A,67,คณะพาณิชยศาสตร์และการบัญชี,หลักสูตรบริหารธุรกิจบัณฑิต,2,5228.0,260.0,61.3332,65.7554,91.5332,2,20.107692307692307
10010126610801A,68,คณะพาณิชยศาสตร์และการบัญชี,หลักสูตรบริหารธุรกิจบัณฑิต,2,4403.0,262.0,67.9332,72.6888,89.6552,2,16.80534351145038
10010126610801A,69,คณะพาณิชยศาสตร์และการบัญชี,หลักสูตรบริหารธุรกิจบัณฑิต,2,3305.0,260.0,55.664,69.352,93.0344,2,12.711538461538462
10010126610901A,66,คณะพาณิชยศาสตร์และการบัญชี,หลักสูตรสถิติศาสตรบัณฑิต,3,1830.0,120.0,56.458,58.736,83.611,3,15.25
10010126610901A,67,คณะพาณิชยศาสตร์และการบัญชี,หลักสูตรสถิติศาสตรบัณฑิต,3,2378.0,121.0,55.1332,56.7552,84.9888,3,19.65289256198347
10010126610901A,68,คณะพาณิชยศาสตร์และการบัญชี,หลักสูตรสถิติศาสตรบัณฑิต,3,1598.0,120.0,59.8108,61.6776,83.5,3,13.316666666666666
10010126610901A,69,คณะพาณิชยศาสตร์และการบัญชี,หลักสูตรสถิติศาสตรบัณฑิต,3,1271.0,125.0,53.4068,54.8172,85.976,3,10.168
10010124903201A,66,คณะรัฐศาสตร์,หลักสูตรรัฐศาสตรบัณฑิต,30,9027.0,254.0,62.85,66.6166,83.8958,23,35.539370078740156
10010124903201A,67,คณะรัฐศาสตร์,หลักสูตรรัฐศาสตรบัณฑิต,30,9274.0,254.0,63.2526,68.52625,86.7416,26,36.511811023622045
10010124903201A,68,คณะรัฐศาสตร์,หลักสูตรรัฐศาสตรบัณฑิต,30,7407.0,254.0,68.1582,73.3888,88.1582,23,29.161417322834644
10010124903201A,69,คณะรัฐศาสตร์,หลักสูตรรัฐศาสตรบัณฑิต,31,6231.0,258.0,66.8798,70.3588,87.6358,21,24.151162790697676
10010123210301A,66,คณะวิทยาศาสตร์,หลักสูตรวิทยาศาสตรบัณฑิต สาขาวิชาคณิตศาสตร์,1,635.0,29.0,63.8716,63.8716,79.7054,1,21.896551724137932
10010123210301A,67,คณะวิทยาศาสตร์,หลักสูตรวิทยาศาสตรบัณฑิต สาขาวิชาคณิตศาสตร์,1,353.0,25.0,57.7276,57.7276,71.9332,1,14.12
10010123210301A,68,คณะวิทยาศาสตร์,หลักสูตรวิทยาศาสตรบัณฑิต สาขาวิชาคณิตศาสตร์,1,265.0,35.0,55.65,55.65,75.061,1,7.571428571428571
10010123210301A,69,คณะวิทยาศาสตร์,หลักสูตรวิทยาศาสตรบัณฑิต สาขาวิชาคณิตศาสตร์,1,320.0,40.0,50.6818,50.6818,66.6974,1,8.0
10010123210401A,66,คณะวิทยาศาสตร์,หลักสูตรวิทยาศาสตรบัณฑิต สาขาวิชาเคมี,1,1318.0,98.0,58.4216,58.4216,77.2166,1,13.448979591836734
10010123210401A,67,คณะวิทยาศาสตร์,หลักสูตรวิทยาศาสตรบัณฑิต สาขาวิชาเคมี,1,667.0,70.0,53.244,53.244,63.0276,1,9.528571428571428
10010123210401A,68,คณะวิทยาศาสตร์,หลักสูตรวิทยาศาสตรบัณฑิต สาขาวิชาเคมี,1,335.0,105.0,42.3499,42.3499,74.0374,1,3.1904761904761907
10010123210401A,69,คณะวิทยาศาสตร์,หลักสูตรวิทยาศาสตรบัณฑิต สาขาวิชาเคมี,1,861.0,97.0,45.0929,45.0929,66.6511,1,8.876288659793815
10010123210402A,66,คณะวิทยาศาสตร์,หลักสูตรวิทยาศาสตรบัณฑิต สาขาวิชาเคมีวิศวกรรม,1,1233.0,93.0,60.5554,60.5554,79.6994,1,13.258064516129032
10010123210402A,67,คณะวิทยาศาสตร์,หลักสูตรวิทยาศาสตรบัณฑิต สาขาวิชาเคมีวิศวกรรม,1,817.0,92.0,55.7664,55.7664,65.1496,1,8.880434782608695
10010123210402A,68,คณะวิทยาศาสตร์,หลักสูตรวิทยาศาสตรบัณฑิต สาขาวิชาเคมีวิศวกรรม,2,1278.0,82.0,45.5024,54.7539,73.4332,2,15.585365853658537
10010123210402A,69,คณะวิทยาศาสตร์,หลักสูตรวิทยาศาสตรบัณฑิต สาขาวิชาเคมีวิศวกรรม,2,887.0,90.0,44.1074,50.7808,65.8164,2,9.855555555555556
10010123210501A,66,คณะวิทยาศาสตร์,หลักสูตรวิทยาศาสตรบัณฑิต สาขาวิชาจุลชีววิทยา,1,1426.0,34.0,63.4776,63.4776,71.8494,1,41.94117647058823
10010123210501A,67,คณะวิทยาศาสตร์,หลักสูตรวิทยาศาสตรบัณฑิต สาขาวิชาจุลชีววิทยา,1,420.0,32.0,53.5166,53.5166,69.5882,1,13.125
10010123210501A,68,คณะวิทยาศาสตร์,หลักสูตรวิทยาศาสตรบัณฑิต สาขาวิชาจุลชีววิทยา,1,169.0,45.0,33.6308,33.6308,58.4208,1,3.7555555555555555
10010123210501A,69,คณะวิทยาศาสตร์,หลักสูตรวิทยาศาสตรบัณฑิต สาขาวิชาจุลชีววิทยา,1,1813.0,51.0,39.6379,39.6379,48.2388,1,35.549019607843135
10010123210601A,66,คณะวิทยาศาสตร์,หลักสูตรวิทยาศาสตรบัณฑิต สาขาวิชาชีวเคมี,1,818.0,53.0,59.2054,59.2054,81.966,1,15.433962264150944
10010123210601A,67,คณะวิทยาศาสตร์,หลักสูตรวิทยาศาสตรบัณฑิต สาขาวิชาชีวเคมี,1,423.0,53.0,51.9882,51.9882,62.9216,1,7.981132075471698
10010123210601A,68,คณะวิทยาศาสตร์,หลักสูตรวิทยาศาสตรบัณฑิต สาขาวิชาชีวเคมี,1,128.0,40.0,37.392,37.392,59.6722,1,3.2
10010123210601A,69,คณะวิทยาศาสตร์,หลักสูตรวิทยาศาสตรบัณฑิต สาขาวิชาชีวเคมี,1,1417.0,36.0,43.8118,43.8118,78.1796,1,39.361111111111114
10010123210701A,66,คณะวิทยาศาสตร์,หลักสูตรวิทยาศาสตรบัณฑิต สาขาวิชาชีววิทยา,1,892.0,28.0,62.2994,62.2994,75.311,1,31.857142857142858
10010123210701A,67,คณะวิทยาศาสตร์,หลักสูตรวิทยาศาสตรบัณฑิต สาขาวิชาชีววิทยา,1,422.0,40.0,53.9108,53.9108,67.6772,1,10.55
10010123210701A,68,คณะวิทยาศาสตร์,หลักสูตรวิทยาศาสตรบัณฑิต สาขาวิชาชีววิทยา,2,1389.0,36.0,60.4998,61.8357,74.8,2,38.583333333333336
10010123210701A,69,คณะวิทยาศาสตร์,หลักสูตรวิทยาศาสตรบัณฑิต สาขาวิชาชีววิทยา,2,548.0,37.0,57.6304,57.9179,77.9074,2,14.81081081081081
10010123210901A,66,คณะวิทยาศาสตร์,หลักสูตรวิทยาศาสตรบัณฑิต สาขาวิชาเทคโนโลยีทางภาพและการพิมพ์,1,280.0,55.0,48.7938,48.7938,67.9328,1,5.090909090909091
10010123210901A,67,คณะวิทยาศาสตร์,หลักสูตรวิทยาศาสตรบัณฑิต สาขาวิชาเทคโนโลยีทางภาพและการพิมพ์,1,517.0,49.0,48.8328,48.8328,62.4722,1,10.551020408163266
10010123210901A,68,คณะวิทยาศาสตร์,หลักสูตรวิทยาศาสตรบัณฑิต สาขาวิชาเทคโนโลยีทางภาพและการพิมพ์,1,137.0,50.0,40.304,40.304,56.6,1,2.74
10010123210901A,69,คณะวิทยาศาสตร์,หลักสูตรวิทยาศาสตรบัณฑิต สาขาวิชาเทคโนโลยีทางภาพและการพิมพ์,1,612.0,50.0,44.8885,44.8885,52.739,1,12.24
10010123211001A,66,คณะวิทยาศาสตร์,หลักสูตรวิทยาศาสตรบัณฑิต สาขาวิชาเทคโนโลยีทางอาหาร,1,1408.0,75.0,61.0664,61.0664,80.494,1,18.773333333333333
10010123211001A,67,คณะวิทยาศาสตร์,หลักสูตรวิทยาศาสตรบัณฑิต สาขาวิชาเทคโนโลยีทางอาหาร,1,861.0,71.0,55.111,55.111,71.9276,1,12.126760563380282
10010123211001A,68,คณะวิทยาศาสตร์,หลักสูตรวิทยาศาสตรบัณฑิต สาขาวิชาเทคโนโลยีทางอาหาร,2,1138.0,76.0,35.9688,49.4371,74.311,2,14.973684210526315
10010123211001A,69,คณะวิทยาศาสตร์,หลักสูตรวิทยาศาสตรบัณฑิต สาขาวิชาเทคโนโลยีทางอาหาร,2,1706.0,80.0,40.648,48.7289,66.7848,2,21.325
10010123212301A,66,คณะวิทยาศาสตร์,หลักสูตรวิทยาศาสตรบัณฑิต สาขาวิชาธรณีวิทยา,1,293.0,19.0,59.8996,59.8996,68.9276,1,15.421052631578947
10010123212301A,67,คณะวิทยาศาสตร์,หลักสูตรวิทยาศาสตรบัณฑิต สาขาวิชาธรณีวิทยา,1,240.0,19.0,53.3108,53.3108,62.4444,1,12.631578947368421
10010123212301A,68,คณะวิทยาศาสตร์,หลักสูตรวิทยาศาสตรบัณฑิต สาขาวิชาธรณีวิทยา,1,369.0,21.0,60.8382,60.8382,76.1166,1,17.571428571428573
10010123212301A,69,คณะวิทยาศาสตร์,หลักสูตรวิทยาศาสตรบัณฑิต สาขาวิชาธรณีวิทยา,1,244.0,14.0,56.2306,56.2306,69.834,1,17.428571428571427
10010123212501A,66,คณะวิทยาศาสตร์,หลักสูตรวิทยาศาสตรบัณฑิต สาขาวิชาพฤกษศาสตร์,1,241.0,53.0,47.644,47.644,60.9938,1,4.547169811320755
10010123212501A,67,คณะวิทยาศาสตร์,หลักสูตรวิทยาศาสตรบัณฑิต สาขาวิชาพฤกษศาสตร์,1,470.0,55.0,46.1328,46.1328,57.083,1,8.545454545454545
10010123212501A,68,คณะวิทยาศาสตร์,หลักสูตรวิทยาศาสตรบัณฑิต สาขาวิชาพฤกษศาสตร์,1,231.0,50.0,41.9054,41.9054,51.75,1,4.62
10010123212501A,69,คณะวิทยาศาสตร์,หลักสูตรวิทยาศาสตรบัณฑิต สาขาวิชาพฤกษศาสตร์,1,783.0,50.0,42.4332,42.4332,50.5368,1,15.66
10010123212601A,66,คณะวิทยาศาสตร์,หลักสูตรวิทยาศาสตรบัณฑิต สาขาวิชาพันธุศาสตร์,1,358.0,50.0,54.044,54.044,71.2218,1,7.16
10010123212601A,67,คณะวิทยาศาสตร์,หลักสูตรวิทยาศาสตรบัณฑิต สาขาวิชาพันธุศาสตร์,1,326.0,53.0,47.8828,47.8828,61.8552,1,6.150943396226415
10010123212601A,68,คณะวิทยาศาสตร์,หลักสูตรวิทยาศาสตรบัณฑิต สาขาวิชาพันธุศาสตร์,1,308.0,50.0,46.311,46.311,63.961,1,6.16
10010123212601A,69,คณะวิทยาศาสตร์,หลักสูตรวิทยาศาสตรบัณฑิต สาขาวิชาพันธุศาสตร์,1,372.0,50.0,44.7732,44.7732,56.9484,1,7.44
10010123212701A,66,คณะวิทยาศาสตร์,หลักสูตรวิทยาศาสตรบัณฑิต สาขาวิชาฟิสิกส์,1,481.0,36.0,60.0774,60.0774,76.2108,1,13.36111111111111
10010123212701A,67,คณะวิทยาศาสตร์,หลักสูตรวิทยาศาสตรบัณฑิต สาขาวิชาฟิสิกส์,1,367.0,40.0,54.25,54.25,72.366,1,9.175
10010123212701A,68,คณะวิทยาศาสตร์,หลักสูตรวิทยาศาสตรบัณฑิต สาขาวิชาฟิสิกส์,1,355.0,50.0,54.9108,54.9108,73.844,1,7.1
10010123212701A,69,คณะวิทยาศาสตร์,หลักสูตรวิทยาศาสตรบัณฑิต สาขาวิชาฟิสิกส์,1,255.0,50.0,44.9739,44.9739,60.2866,1,5.1
10010123212801A,66,คณะวิทยาศาสตร์,หลักสูตรวิทยาศาสตรบัณฑิต สาขาวิชาวัสดุศาสตร์และเทคโนโลยี,1,612.0,95.0,52.6496,52.6496,73.0216,1,6.442105263157894
10010123212801A,67,คณะวิทยาศาสตร์,หลักสูตรวิทยาศาสตรบัณฑิต สาขาวิชาวัสดุศาสตร์และเทคโนโลยี,1,749.0,95.0,48.9774,48.9774,61.994,1,7.88421052631579
10010123212801A,68,คณะวิทยาศาสตร์,หลักสูตรวิทยาศาสตรบัณฑิต สาขาวิชาวัสดุศาสตร์และเทคโนโลยี,2,1212.0,89.0,33.0332,45.7999,66.8438,2,13.617977528089888
10010123212801A,69,คณะวิทยาศาสตร์,หลักสูตรวิทยาศาสตรบัณฑิต สาขาวิชาวัสดุศาสตร์และเทคโนโลยี,1,951.0,98.0,36.1664,36.1664,42.75,1,9.704081632653061
10010123213001A,66,คณะวิทยาศาสตร์,หลักสูตรวิทยาศาสตรบัณฑิต สาขาวิชาวิทยาศาสตร์ทางทะเล,1,626.0,28.0,59.555,59.555,77.0222,1,22.357142857142858
10010123213001A,67,คณะวิทยาศาสตร์,หลักสูตรวิทยาศาสตรบัณฑิต สาขาวิชาวิทยาศาสตร์ทางทะเล,1,342.0,23.0,53.1272,53.1272,66.805,1,14.869565217391305
10010123213001A,68,คณะวิทยาศาสตร์,หลักสูตรวิทยาศาสตรบัณฑิต สาขาวิชาวิทยาศาสตร์ทางทะเล,1,127.0,33.0,33.3732,33.3732,56.4866,1,3.8484848484848486
10010123213001A,69,คณะวิทยาศาสตร์,หลักสูตรวิทยาศาสตรบัณฑิต สาขาวิชาวิทยาศาสตร์ทางทะเล,1,1634.0,43.0,41.4956,41.4956,46.5088,1,38.0
10010123213101A,66,คณะวิทยาศาสตร์,หลักสูตรวิทยาศาสตรบัณฑิต สาขาวิชาวิทยาศาสตร์สิ่งแวดล้อม,1,785.0,74.0,55.794,55.794,68.2938,1,10.608108108108109
10010123213101A,67,คณะวิทยาศาสตร์,หลักสูตรวิทยาศาสตรบัณฑิต สาขาวิชาวิทยาศาสตร์สิ่งแวดล้อม,1,578.0,72.0,49.6722,49.6722,61.6774,1,8.027777777777779
10010123213101A,68,คณะวิทยาศาสตร์,หลักสูตรวิทยาศาสตรบัณฑิต สาขาวิชาวิทยาศาสตร์สิ่งแวดล้อม,1,495.0,82.0,52.0919,52.0919,59.9797,1,6.036585365853658
10010123213101A,69,คณะวิทยาศาสตร์,หลักสูตรวิทยาศาสตรบัณฑิต สาขาวิชาวิทยาศาสตร์สิ่งแวดล้อม,1,263.0,80.0,34.5597,34.5597,47.641,1,3.2875
10010123213201A,66,คณะวิทยาศาสตร์,หลักสูตรวิทยาศาสตรบัณฑิต สาขาวิชาสัตววิทยา,1,429.0,14.0,58.8216,58.8216,70.855,1,30.642857142857142
10010123213201A,67,คณะวิทยาศาสตร์,หลักสูตรวิทยาศาสตรบัณฑิต สาขาวิชาสัตววิทยา,1,265.0,20.0,50.6996,50.6996,62.15,1,13.25
10010123213201A,68,คณะวิทยาศาสตร์,หลักสูตรวิทยาศาสตรบัณฑิต สาขาวิชาสัตววิทยา,2,687.0,12.0,58.4164,60.227500000000006,71.7164,2,57.25
10010123213201A,69,คณะวิทยาศาสตร์,หลักสูตรวิทยาศาสตรบัณฑิต สาขาวิชาสัตววิทยา,2,281.0,13.0,57.3,57.8902,70.2928,2,21.615384615384617
10010123213501A,66,คณะวิทยาศาสตร์,หลักสูตรวิทยาศาสตรบัณฑิต สาขาวิชาวิทยาการคอมพิวเตอร์,1,2695.0,24.0,74.1276,74.1276,81.194,1,112.29166666666667
10010123213501A,67,คณะวิทยาศาสตร์,หลักสูตรวิทยาศาสตรบัณฑิต สาขาวิชาวิทยาการคอมพิวเตอร์,1,1015.0,25.0,67.0888,67.0888,74.6832,1,40.6
10010123213501A,68,คณะวิทยาศาสตร์,หลักสูตรวิทยาศาสตรบัณฑิต สาขาวิชาวิทยาการคอมพิวเตอร์,1,684.0,21.0,67.2497,67.2497,76.7972,1,32.57142857142857
10010123213501A,69,คณะวิทยาศาสตร์,หลักสูตรวิทยาศาสตรบัณฑิต สาขาวิชาวิทยาการคอมพิวเตอร์,1,376.0,50.0,56.5974,56.5974,75.1853,1,7.52
10010139112001A,66,คณะวิทยาศาสตร์การกีฬา,หลักสูตรวิทยาศาสตรบัณฑิต สาขาวิชาวิทยาศาสตร์การกีฬาและการออกกำลังกาย,1,72.0,40.0,31.8702,31.8702,59.5644,1,1.8
10010139112001A,67,คณะวิทยาศาสตร์การกีฬา,หลักสูตรวิทยาศาสตรบัณฑิต สาขาวิชาวิทยาศาสตร์การกีฬาและการออกกำลังกาย,1,635.0,60.0,52.6652,52.6652,79.0088,1,10.583333333333334
10010139112001A,68,คณะวิทยาศาสตร์การกีฬา,หลักสูตรวิทยาศาสตรบัณฑิต สาขาวิชาวิทยาศาสตร์การกีฬาและการออกกำลังกาย,1,420.0,60.0,54.4876,54.4876,70.142,1,7.0
10010139112001A,69,คณะวิทยาศาสตร์การกีฬา,หลักสูตรวิทยาศาสตรบัณฑิต สาขาวิชาวิทยาศาสตร์การกีฬาและการออกกำลังกาย,1,570.0,60.0,58.9732,58.9732,76.3488,1,9.5
10010121300001A,66,คณะวิศวกรรมศาสตร์,หลักสูตรวิศวกรรมศาสตรบัณฑิต สาขาวิชาวิศวกรรมศาสตร์,1,2424.0,360.0,54.15,54.15,80.8274,1,6.733333333333333
10010121300001A,67,คณะวิศวกรรมศาสตร์,หลักสูตรวิศวกรรมศาสตรบัณฑิต สาขาวิชาวิศวกรรมศาสตร์,1,1119.0,380.0,53.961,53.961,83.5332,1,2.944736842105263
10010121300001A,68,คณะวิศวกรรมศาสตร์,หลักสูตรวิศวกรรมศาสตรบัณฑิต สาขาวิชาวิศวกรรมศาสตร์,1,1417.0,390.0,59.9831,59.9831,82.6,1,3.6333333333333333
10010121300001A,69,คณะวิศวกรรมศาสตร์,หลักสูตรวิศวกรรมศาสตรบัณฑิต สาขาวิชาวิศวกรรมศาสตร์,1,857.0,305.0,54.6525,54.6525,80.2664,1,2.8098360655737706
10010121300501A,66,คณะวิศวกรรมศาสตร์,หลักสูตรวิศวกรรมศาสตรบัณฑิต สาขาวิชาวิศวกรรมคอมพิวเตอร์,1,1422.0,65.0,71.4166,71.4166,86.561,1,21.876923076923077
10010121300501A,67,คณะวิศวกรรมศาสตร์,หลักสูตรวิศวกรรมศาสตรบัณฑิต สาขาวิชาวิศวกรรมคอมพิวเตอร์,1,579.0,65.0,72.4888,72.4888,90.4218,1,8.907692307692308
10010121300501A,68,คณะวิศวกรรมศาสตร์,หลักสูตรวิศวกรรมศาสตรบัณฑิต สาขาวิชาวิศวกรรมคอมพิวเตอร์,1,460.0,80.0,74.9664,74.9664,89.0164,1,5.75
10010121300501A,69,คณะวิศวกรรมศาสตร์,หลักสูตรวิศวกรรมศาสตรบัณฑิต สาขาวิชาวิศวกรรมคอมพิวเตอร์,1,279.0,75.0,65.9408,65.9408,87.9798,1,3.72
10010121300599A,66,คณะวิศวกรรมศาสตร์,หลักสูตรวิศวกรรมศาสตรบัณฑิต สาขาวิชาวิศวกรรมคอมพิวเตอร์และเทคโนโลยีดิจิทัล,1,2305.0,185.0,61.1666,61.1666,84.9052,1,12.45945945945946
10010121300599A,67,คณะวิศวกรรมศาสตร์,หลักสูตรวิศวกรรมศาสตรบัณฑิต สาขาวิชาวิศวกรรมคอมพิวเตอร์และเทคโนโลยีดิจิทัล,1,591.0,140.0,58.6944,58.6944,78.8053,1,4.2214285714285715
10010121300599A,68,คณะวิศวกรรมศาสตร์,หลักสูตรวิศวกรรมศาสตรบัณฑิต สาขาวิชาวิศวกรรมคอมพิวเตอร์และเทคโนโลยีดิจิทัล,1,735.0,105.0,66.8943,66.8943,85.7888,1,7.0
10010121300599A,69,คณะวิศวกรรมศาสตร์,หลักสูตรวิศวกรรมศาสตรบัณฑิต สาขาวิชาวิศวกรรมคอมพิวเตอร์และเทคโนโลยีดิจิทัล,1,402.0,90.0,61.1232,61.1232,82.2091,1,4.466666666666667
10010121301101A,66,คณะวิศวกรรมศาสตร์,หลักสูตรวิศวกรรมศาสตรบัณฑิต สาขาวิชาวิศวกรรมนิวเคลียร์และรังสี,1,233.0,25.0,47.0276,47.0276,59.9109,1,9.32
10010121301101A,67,คณะวิศวกรรมศาสตร์,หลักสูตรวิศวกรรมศาสตรบัณฑิต สาขาวิชาวิศวกรรมนิวเคลียร์และรังสี,1,167.0,25.0,49.1275,49.1275,53.4721,1,6.68
10010121301101A,68,คณะวิศวกรรมศาสตร์,หลักสูตรวิศวกรรมศาสตรบัณฑิต สาขาวิชาวิศวกรรมนิวเคลียร์และรังสี,1,194.0,20.0,54.233,54.233,62.883,1,9.7
10010121301101A,69,คณะวิศวกรรมศาสตร์,หลักสูตรวิศวกรรมศาสตรบัณฑิต สาขาวิชาวิศวกรรมนิวเคลียร์และรังสี,1,150.0,15.0,51.8766,51.8766,64.1959,1,10.0
10010121302101A,66,คณะวิศวกรรมศาสตร์,หลักสูตรวิศวกรรมศาสตรบัณฑิต สาขาวิชาวิศวกรรมโยธา,1,357.0,10.0,61.2109,61.2109,68.833,1,35.7
10010121302101A,67,คณะวิศวกรรมศาสตร์,หลักสูตรวิศวกรรมศาสตรบัณฑิต สาขาวิชาวิศวกรรมโยธา,1,118.0,10.0,58.5664,58.5664,64.3274,1,11.8
10010121302101A,68,คณะวิศวกรรมศาสตร์,หลักสูตรวิศวกรรมศาสตรบัณฑิต สาขาวิชาวิศวกรรมโยธา,1,176.0,10.0,66.022,66.022,77.5553,1,17.6
10010121302101A,69,คณะวิศวกรรมศาสตร์,หลักสูตรวิศวกรรมศาสตรบัณฑิต สาขาวิชาวิศวกรรมโยธา,1,104.0,25.0,54.9197,54.9197,73.4092,1,4.16
10010121302501A,66,คณะวิศวกรรมศาสตร์,หลักสูตรวิศวกรรมศาสตรบัณฑิต สาขาวิชาวิศวกรรมโลหการและวัสดุ,1,283.0,55.0,45.4942,45.4942,58.3222,1,5.1454545454545455
10010121302501A,67,คณะวิศวกรรมศาสตร์,หลักสูตรวิศวกรรมศาสตรบัณฑิต สาขาวิชาวิศวกรรมโลหการและวัสดุ,1,101.0,11.0,51.1498,51.1498,53.6999,1,9.181818181818182
10010121302501A,68,คณะวิศวกรรมศาสตร์,หลักสูตรวิศวกรรมศาสตรบัณฑิต สาขาวิชาวิศวกรรมโลหการและวัสดุ,1,174.0,20.0,54.572,54.572,59.0666,1,8.7
10010121302501A,69,คณะวิศวกรรมศาสตร์,หลักสูตรวิศวกรรมศาสตรบัณฑิต สาขาวิชาวิศวกรรมโลหการและวัสดุ,1,164.0,30.0,49.7129,49.7129,54.729,1,5.466666666666667
10010121302701A,66,คณะวิศวกรรมศาสตร์,หลักสูตรวิศวกรรมศาสตรบัณฑิต สาขาวิชาวิศวกรรมสำรวจ,1,306.0,40.0,50.0052,50.0052,60.9332,1,7.65
10010121302701A,67,คณะวิศวกรรมศาสตร์,หลักสูตรวิศวกรรมศาสตรบัณฑิต สาขาวิชาวิศวกรรมสำรวจ,1,238.0,40.0,51.1996,51.1996,57.0996,1,5.95
10010121302701A,68,คณะวิศวกรรมศาสตร์,หลักสูตรวิศวกรรมศาสตรบัณฑิต สาขาวิชาวิศวกรรมสำรวจ,1,259.0,40.0,55.3442,55.3442,62.1386,1,6.475
10010121302701A,69,คณะวิศวกรรมศาสตร์,หลักสูตรวิศวกรรมศาสตรบัณฑิต สาขาวิชาวิศวกรรมสำรวจ,1,197.0,32.0,51.9756,51.9756,74.2306,1,6.15625
10010121302801A,66,คณะวิศวกรรมศาสตร์,หลักสูตรวิศวกรรมศาสตรบัณฑิต สาขาวิชาวิศวกรรมสิ่งแวดล้อม,1,344.0,30.0,49.2943,49.2943,68.022,1,11.466666666666667
10010121302801A,67,คณะวิศวกรรมศาสตร์,หลักสูตรวิศวกรรมศาสตรบัณฑิต สาขาวิชาวิศวกรรมสิ่งแวดล้อม,1,170.0,25.0,51.661,51.661,69.6887,1,6.8
10010121302801A,68,คณะวิศวกรรมศาสตร์,หลักสูตรวิศวกรรมศาสตรบัณฑิต สาขาวิชาวิศวกรรมสิ่งแวดล้อม,1,227.0,20.0,57.55,57.55,59.8222,1,11.35
10010121302801A,69,คณะวิศวกรรมศาสตร์,หลักสูตรวิศวกรรมศาสตรบัณฑิต สาขาวิชาวิศวกรรมสิ่งแวดล้อม,1,147.0,20.0,52.0636,52.0636,60.0499,1,7.35
10010121303001A,66,คณะวิศวกรรมศาสตร์,หลักสูตรวิศวกรรมศาสตรบัณฑิต สาขาวิชาวิศวกรรมทรัพยากรธรณี,1,154.0,30.0,41.1552,41.1552,54.522,1,5.133333333333334
10010121303001A,67,คณะวิศวกรรมศาสตร์,หลักสูตรวิศวกรรมศาสตรบัณฑิต สาขาวิชาวิศวกรรมทรัพยากรธรณี,1,33.0,4.0,51.3331,51.3331,53.372,1,8.25
10010121303001A,68,คณะวิศวกรรมศาสตร์,หลักสูตรวิศวกรรมศาสตรบัณฑิต สาขาวิชาวิศวกรรมทรัพยากรธรณี,1,54.0,15.0,51.7444,51.7444,59.5944,1,3.6
10010121303001A,69,คณะวิศวกรรมศาสตร์,หลักสูตรวิศวกรรมศาสตรบัณฑิต สาขาวิชาวิศวกรรมทรัพยากรธรณี,1,73.0,12.0,48.0022,48.0022,56.5116,1,6.083333333333333
10010121303501A,66,คณะวิศวกรรมศาสตร์,หลักสูตรวิศวกรรมศาสตรบัณฑิต สาขาวิชาวิศวกรรมอุตสาหการ,1,142.0,5.0,71.2221,71.2221,76.2444,1,28.4
10010121303501A,67,คณะวิศวกรรมศาสตร์,หลักสูตรวิศวกรรมศาสตรบัณฑิต สาขาวิชาวิศวกรรมอุตสาหการ,1,92.0,5.0,68.6332,68.6332,78.5108,1,18.4
10010121303501A,68,คณะวิศวกรรมศาสตร์,หลักสูตรวิศวกรรมศาสตรบัณฑิต สาขาวิชาวิศวกรรมอุตสาหการ,1,125.0,5.0,74.5776,74.5776,81.1164,1,25.0
10010121303501A,69,คณะวิศวกรรมศาสตร์,หลักสูตรวิศวกรรมศาสตรบัณฑิต สาขาวิชาวิศวกรรมอุตสาหการ,1,71.0,5.0,71.2572,71.2572,77.6515,1,14.2
10010125400201A,66,คณะสถาปัตยกรรมศาสตร์,หลักสูตรการออกแบบอุตสาหกรรมบัณฑิต สาขาวิชาการออกแบบอุตสาหกรรม,1,296.0,15.0,56.95,56.95,64.9,1,19.733333333333334
10010125400201A,67,คณะสถาปัตยกรรมศาสตร์,หลักสูตรการออกแบบอุตสาหกรรมบัณฑิต สาขาวิชาการออกแบบอุตสาหกรรม,1,152.0,10.0,54.05,54.05,69.5,1,15.2
10010125400201A,68,คณะสถาปัตยกรรมศาสตร์,หลักสูตรการออกแบบอุตสาหกรรมบัณฑิต สาขาวิชาการออกแบบอุตสาหกรรม,1,134.0,5.0,58.6,58.6,61.15,1,26.8
10010125400201A,69,คณะสถาปัตยกรรมศาสตร์,หลักสูตรการออกแบบอุตสาหกรรมบัณฑิต สาขาวิชาการออกแบบอุตสาหกรรม,1,83.0,10.0,54.25,54.25,67.8,1,8.3
10010125400301A,66,คณะสถาปัตยกรรมศาสตร์,หลักสูตรภูมิสถาปัตยกรรมศาสตรบัณฑิต สาขาวิชาภูมิสถาปัตยกรรม,1,285.0,15.0,56.9,56.9,65.45,1,19.0
10010125400301A,67,คณะสถาปัตยกรรมศาสตร์,หลักสูตรภูมิสถาปัตยกรรมศาสตรบัณฑิต สาขาวิชาภูมิสถาปัตยกรรม,1,192.0,16.0,52.55,52.55,58.45,1,12.0
10010125400301A,68,คณะสถาปัตยกรรมศาสตร์,หลักสูตรภูมิสถาปัตยกรรมศาสตรบัณฑิต สาขาวิชาภูมิสถาปัตยกรรม,1,140.0,10.0,55.55,55.55,58.6,1,14.0
10010125400301A,69,คณะสถาปัตยกรรมศาสตร์,หลักสูตรภูมิสถาปัตยกรรมศาสตรบัณฑิต สาขาวิชาภูมิสถาปัตยกรรม,1,146.0,14.0,53.6,53.6,58.4,1,10.428571428571429
10010125400401A,66,คณะสถาปัตยกรรมศาสตร์,หลักสูตรสถาปัตยกรรมศาสตรบัณฑิต สาขาวิชาสถาปัตยกรรมผังเมือง,1,282.0,20.0,54.15,54.15,82.8,1,14.1
10010125400401A,67,คณะสถาปัตยกรรมศาสตร์,หลักสูตรสถาปัตยกรรมศาสตรบัณฑิต สาขาวิชาสถาปัตยกรรมผังเมือง,1,175.0,18.0,49.9,49.9,56.75,1,9.722222222222221
10010125400401A,68,คณะสถาปัตยกรรมศาสตร์,หลักสูตรสถาปัตยกรรมศาสตรบัณฑิต สาขาวิชาสถาปัตยกรรมผังเมือง,1,172.0,9.0,54.1,54.1,57.1,1,19.11111111111111
10010125400401A,69,คณะสถาปัตยกรรมศาสตร์,หลักสูตรสถาปัตยกรรมศาสตรบัณฑิต สาขาวิชาสถาปัตยกรรมผังเมือง,1,121.0,12.0,50.9,50.9,55.55,1,10.083333333333334
10010125400501A,66,คณะสถาปัตยกรรมศาสตร์,หลักสูตรสถาปัตยกรรมศาสตรบัณฑิต สาขาวิชาสถาปัตยกรรม,1,523.0,10.0,66.2,66.2,78.0,1,52.3
10010125400501A,67,คณะสถาปัตยกรรมศาสตร์,หลักสูตรสถาปัตยกรรมศาสตรบัณฑิต สาขาวิชาสถาปัตยกรรม,1,340.0,10.0,61.2,61.2,80.25,1,34.0
10010125400501A,68,คณะสถาปัตยกรรมศาสตร์,หลักสูตรสถาปัตยกรรมศาสตรบัณฑิต สาขาวิชาสถาปัตยกรรม,1,260.0,11.0,63.0,63.0,74.25,1,23.636363636363637
10010125400501A,69,คณะสถาปัตยกรรมศาสตร์,หลักสูตรสถาปัตยกรรมศาสตรบัณฑิต สาขาวิชาสถาปัตยกรรม,1,175.0,10.0,59.35,59.35,74.3,1,17.5
10010125400701A,66,คณะสถาปัตยกรรมศาสตร์,หลักสูตรสถาปัตยกรรมศาสตรบัณฑิต สาขาวิชาสถาปัตยกรรมภายใน,1,355.0,7.0,63.0,63.0,70.25,1,50.714285714285715
10010125400701A,67,คณะสถาปัตยกรรมศาสตร์,หลักสูตรสถาปัตยกรรมศาสตรบัณฑิต สาขาวิชาสถาปัตยกรรมภายใน,1,242.0,5.0,58.6,58.6,71.2,1,48.4
10010125400701A,68,คณะสถาปัตยกรรมศาสตร์,หลักสูตรสถาปัตยกรรมศาสตรบัณฑิต สาขาวิชาสถาปัตยกรรมภายใน,1,183.0,5.0,61.35,61.35,66.0,1,36.6
10010125400701A,69,คณะสถาปัตยกรรมศาสตร์,หลักสูตรสถาปัตยกรรมศาสตรบัณฑิต สาขาวิชาสถาปัตยกรรมภายใน,1,148.0,8.0,57.9,57.9,61.5,1,18.5
10010137110101A,66,คณะสหเวชศาสตร์,หลักสูตรวิทยาศาสตรบัณฑิต สาขาวิชากายภาพบำบัด,1,2834.0,60.0,58.5944,58.5944,71.3888,1,47.233333333333334
10010137110101A,67,คณะสหเวชศาสตร์,หลักสูตรวิทยาศาสตรบัณฑิต สาขาวิชากายภาพบำบัด,1,2156.0,41.0,63.0914,63.0914,73.6608,1,52.58536585365854
10010137110101A,68,คณะสหเวชศาสตร์,หลักสูตรวิทยาศาสตรบัณฑิต สาขาวิชากายภาพบำบัด,1,851.0,40.0,63.6388,63.6388,78.2332,1,21.275
10010137110101A,69,คณะสหเวชศาสตร์,หลักสูตรวิทยาศาสตรบัณฑิต สาขาวิชากายภาพบำบัด,1,1134.0,56.0,60.9182,60.9182,69.5924,1,20.25
10010137111301A,66,คณะสหเวชศาสตร์,หลักสูตรวิทยาศาสตรบัณฑิต สาขาวิชาเทคนิคการแพทย์,1,2262.0,90.0,49.3666,49.3666,75.316,1,25.133333333333333
10010137111301A,67,คณะสหเวชศาสตร์,หลักสูตรวิทยาศาสตรบัณฑิต สาขาวิชาเทคนิคการแพทย์,1,3496.0,75.0,52.8888,52.8888,69.8244,1,46.61333333333334
10010137111301A,68,คณะสหเวชศาสตร์,หลักสูตรวิทยาศาสตรบัณฑิต สาขาวิชาเทคนิคการแพทย์,1,2246.0,110.0,58.391,58.391,68.5788,1,20.418181818181818
10010137111301A,69,คณะสหเวชศาสตร์,หลักสูตรวิทยาศาสตรบัณฑิต สาขาวิชาเทคนิคการแพทย์,1,787.0,104.0,54.3526,54.3526,66.2712,1,7.5673076923076925
10010137111801A,66,คณะสหเวชศาสตร์,หลักสูตรวิทยาศาสตรบัณฑิต สาขาวิชาโภชนาการและการกำหนดอาหาร,1,59.0,32.0,35.3549,35.3549,75.8031,1,1.84375
10010137111801A,67,คณะสหเวชศาสตร์,หลักสูตรวิทยาศาสตรบัณฑิต สาขาวิชาโภชนาการและการกำหนดอาหาร,1,347.0,47.0,46.0016,46.0016,53.7,1,7.382978723404255
10010137111801A,68,คณะสหเวชศาสตร์,หลักสูตรวิทยาศาสตรบัณฑิต สาขาวิชาโภชนาการและการกำหนดอาหาร,1,598.0,44.0,51.8966,51.8966,61.3382,1,13.590909090909092
10010137111801A,69,คณะสหเวชศาสตร์,หลักสูตรวิทยาศาสตรบัณฑิต สาขาวิชาโภชนาการและการกำหนดอาหาร,1,210.0,44.0,46.0301,46.0301,60.4011,1,4.7727272727272725
10010137111901A,66,คณะสหเวชศาสตร์,หลักสูตรวิทยาศาสตรบัณฑิต สาขาวิชารังสีเทคนิค,1,210.0,27.0,50.8013,50.8013,71.847,1,7.777777777777778
10010137111901A,67,คณะสหเวชศาสตร์,หลักสูตรวิทยาศาสตรบัณฑิต สาขาวิชารังสีเทคนิค,1,763.0,30.0,55.7595,55.7595,61.8278,1,25.433333333333334
10010137111901A,68,คณะสหเวชศาสตร์,หลักสูตรวิทยาศาสตรบัณฑิต สาขาวิชารังสีเทคนิค,1,485.0,26.0,58.9665,58.9665,76.3153,1,18.653846153846153
10010137111901A,69,คณะสหเวชศาสตร์,หลักสูตรวิทยาศาสตรบัณฑิต สาขาวิชารังสีเทคนิค,1,373.0,25.0,52.8165,52.8165,64.6753,1,14.92
10010122904301A,66,คณะอักษรศาสตร์,หลักสูตรอักษรศาสตรบัณฑิต,10,7019.0,282.0,66.1875,71.46875,85.375,10,24.890070921985817
10010122904301A,67,คณะอักษรศาสตร์,หลักสูตรอักษรศาสตรบัณฑิต,10,5936.0,262.0,63.625,71.09375,85.25,10,22.65648854961832
10010122904301A,68,คณะอักษรศาสตร์,หลักสูตรอักษรศาสตรบัณฑิต,10,4993.0,263.0,69.4375,73.96875,86.875,10,18.984790874524716
10010122904301A,69,คณะอักษรศาสตร์,หลักสูตรอักษรศาสตรบัณฑิต,10,3563.0,248.0,71.0,71.1875,90.125,9,14.366935483870968
10010129611101A,66,คณะเศรษฐศาสตร์,หลักสูตรเศรษฐศาสตรบัณฑิต,1,1333.0,140.0,57.6164,57.6164,76.1388,1,9.521428571428572
10010129611101A,67,คณะเศรษฐศาสตร์,หลักสูตรเศรษฐศาสตรบัณฑิต,1,2064.0,140.0,59.5026,59.5026,77.7388,1,14.742857142857142
10010129611101A,68,คณะเศรษฐศาสตร์,หลักสูตรเศรษฐศาสตรบัณฑิต,1,1447.0,140.0,62.325,62.325,82.575,1,10.335714285714285
10010129611101A,69,คณะเศรษฐศาสตร์,หลักสูตรเศรษฐศาสตรบัณฑิต,1,1122.0,140.0,59.7348,59.7348,77.9842,1,8.014285714285714
10010140900301A,66,สำนักวิชาทรัพยากรการเกษตร,หลักสูตรศิลปศาสตรและวิทยาศาสตรบัณฑิต สาขาวิชาการบริหารจัดการทรัพยากรการเกษตร,4,228.0,62.0,17.82,27.5216,85.2344,4,3.6774193548387095
10010140900301A,67,สำนักวิชาทรัพยากรการเกษตร,หลักสูตรศิลปศาสตรและวิทยาศาสตรบัณฑิต สาขาวิชาการบริหารจัดการทรัพยากรการเกษตร,3,1518.0,48.0,46.202,46.2476,65.7164,3,31.625
10010140900301A,68,สำนักวิชาทรัพยากรการเกษตร,หลักสูตรศิลปศาสตรและวิทยาศาสตรบัณฑิต สาขาวิชาการบริหารจัดการทรัพยากรการเกษตร,3,410.0,70.0,49.1444,49.1444,62.7732,1,5.857142857142857
10010140900301A,69,สำนักวิชาทรัพยากรการเกษตร,หลักสูตรศิลปศาสตรและวิทยาศาสตรบัณฑิต สาขาวิชาการบริหารจัดการทรัพยากรการเกษตร,3,514.0,70.0,53.3968,53.3968,69.5056,1,7.3428571428571425
