major,elective,year,applied,passed,min_score,max_score,quota
การปกครอง,คณิตศาสตร์ประยุกต์ 2,66,505.0,37.0,64.775,81.3583,61.0
การปกครอง,คณิตศาสตร์ประยุกต์ 2,67,1212.0,28.0,63.2916,70.2083,61.0
การปกครอง,คณิตศาสตร์ประยุกต์ 2,68,1238.0,37.0,70.8694,77.4583,61.0
การปกครอง,คณิตศาสตร์ประยุกต์ 2,69,599.0,46.0,66.8798,86.5853,61.0
การปกครอง,ภาษาจีน,66,137.0,6.0,64.9693,75.9304,61.0
การปกครอง,ภาษาจีน,67,137.0,4.0,63.2861,66.3583,61.0
การปกครอง,ภาษาจีน,68,151.0,5.0,70.8805,72.7583,61.0
การปกครอง,ภาษาจีน,69,90.0,2.0,68.089,68.5666,61.0
การปกครอง,ภาษาญี่ปุ่น,66,70.0,1.0,65.9111,68.125,61.0
การปกครอง,ภาษาญี่ปุ่น,67,118.0,5.0,63.6888,83.4027,61.0
การปกครอง,ภาษาญี่ปุ่น,68,129.0,5.0,71.1138,75.6777,61.0
การปกครอง,ภาษาญี่ปุ่น,69,83.0,2.0,66.9904,67.5,61.0
การปกครอง,ภาษาฝรั่งเศส,66,117.0,14.0,65.2555,75.9138,61.0
การปกครอง,ภาษาฝรั่งเศส,67,152.0,7.0,63.3861,67.2444,61.0
การปกครอง,ภาษาฝรั่งเศส,68,160.0,5.0,71.2277,72.5527,61.0
การปกครอง,ภาษาฝรั่งเศส,69,100.0,5.0,67.5478,69.9435,61.0
การปกครอง,ภาษาสเปน,66,26.0,0.0,,,61.0
การปกครอง,ภาษาสเปน,67,54.0,4.0,63.55,68.525,61.0
การปกครอง,ภาษาสเปน,68,67.0,2.0,72.2361,73.6361,61.0
การปกครอง,ภาษาสเปน,69,50.0,3.0,67.1479,69.5055,61.0
การปกครอง,ภาษาเกาหลี,66,88.0,3.0,64.9166,67.4777,61.0
การปกครอง,ภาษาเกาหลี,67,124.0,13.0,64.8277,70.1833,61.0
การปกครอง,ภาษาเกาหลี,68,100.0,2.0,72.8333,72.8583,61.0
การปกครอง,ภาษาเกาหลี,69,51.0,0.0,,,61.0
การปกครอง,ภาษาเยอรมัน,66,36.0,0.0,,,61.0
การปกครอง,ภาษาเยอรมัน,67,71.0,0.0,,,61.0
การปกครอง,ภาษาเยอรมัน,68,66.0,5.0,71.3722,76.3333,61.0
การปกครอง,ภาษาเยอรมัน,69,53.0,3.0,68.4799,72.7751,61.0
ความสัมพันธ์ระหว่างประเทศ,คณิตศาสตร์ประยุกต์ 2,66,563.0,8.0,76.8194,83.0332,66.0
ความสัมพันธ์ระหว่างประเทศ,คณิตศาสตร์ประยุกต์ 2,67,437.0,3.0,76.8666,83.375,66.0
ความสัมพันธ์ระหว่างประเทศ,คณิตศาสตร์ประยุกต์ 2,68,473.0,5.0,79.3054,85.9666,66.0
ความสัมพันธ์ระหว่างประเทศ,คณิตศาสตร์ประยุกต์ 2,69,350.0,12.0,73.9924,86.1202,66.0
ความสัมพันธ์ระหว่างประเทศ,ภาษาจีน,66,138.0,3.0,75.6944,80.2416,66.0
ความสัมพันธ์ระหว่างประเทศ,ภาษาจีน,67,172.0,1.0,82.0638,82.0638,66.0
ความสัมพันธ์ระหว่างประเทศ,ภาษาจีน,68,116.0,3.0,78.9554,85.8776,66.0
ความสัมพันธ์ระหว่างประเทศ,ภาษาจีน,69,95.0,4.0,74.5256,83.2996,66.0
ความสัมพันธ์ระหว่างประเทศ,ภาษาญี่ปุ่น,66,104.0,4.0,74.9972,79.4,66.0
ความสัมพันธ์ระหว่างประเทศ,ภาษาญี่ปุ่น,67,116.0,2.0,78.9888,85.5416,66.0
ความสัมพันธ์ระหว่างประเทศ,ภาษาญี่ปุ่น,68,140.0,7.0,79.775,87.1166,66.0
ความสัมพันธ์ระหว่างประเทศ,ภาษาญี่ปุ่น,69,85.0,4.0,76.1752,80.6232,66.0
ความสัมพันธ์ระหว่างประเทศ,ภาษาฝรั่งเศส,66,107.0,4.0,75.2,82.6472,66.0
ความสัมพันธ์ระหว่างประเทศ,ภาษาฝรั่งเศส,67,154.0,11.0,75.3776,86.7416,66.0
ความสัมพันธ์ระหว่างประเทศ,ภาษาฝรั่งเศส,68,141.0,7.0,78.8776,87.45,66.0
ความสัมพันธ์ระหว่างประเทศ,ภาษาฝรั่งเศส,69,92.0,10.0,74.8648,84.2778,66.0
ความสัมพันธ์ระหว่างประเทศ,ภาษาสเปน,66,32.0,2.0,76.8026,78.4026,66.0
ความสัมพันธ์ระหว่างประเทศ,ภาษาสเปน,67,39.0,3.0,73.425,78.4776,66.0
ความสัมพันธ์ระหว่างประเทศ,ภาษาสเปน,68,53.0,7.0,79.0694,84.3832,66.0
ความสัมพันธ์ระหว่างประเทศ,ภาษาสเปน,69,40.0,0.0,,,66.0
ความสัมพันธ์ระหว่างประเทศ,ภาษาเกาหลี,66,92.0,2.0,78.8776,78.9222,66.0
ความสัมพันธ์ระหว่างประเทศ,ภาษาเกาหลี,67,118.0,1.0,75.625,75.625,66.0
ความสัมพันธ์ระหว่างประเทศ,ภาษาเกาหลี,68,83.0,2.0,78.9916,79.5694,66.0
ความสัมพันธ์ระหว่างประเทศ,ภาษาเกาหลี,69,50.0,0.0,,,66.0
ความสัมพันธ์ระหว่างประเทศ,ภาษาเยอรมัน,66,63.0,4.0,76.475,77.2026,66.0
ความสัมพันธ์ระหว่างประเทศ,ภาษาเยอรมัน,67,66.0,4.0,77.8082,85.65,66.0
ความสัมพันธ์ระหว่างประเทศ,ภาษาเยอรมัน,68,60.0,2.0,78.4332,78.9054,66.0
ความสัมพันธ์ระหว่างประเทศ,ภาษาเยอรมัน,69,41.0,2.0,78.04,87.6358,66.0
ความสัมพันธ์ระหว่างประเทศ,ภาษาไทย,66,3542.0,39.0,74.8082,82.9138,66.0
ความสัมพันธ์ระหว่างประเทศ,ภาษาไทย,67,2378.0,41.0,73.3,80.9916,66.0
ความสัมพันธ์ระหว่างประเทศ,ภาษาไทย,68,1702.0,33.0,78.25,88.1582,66.0
ความสัมพันธ์ระหว่างประเทศ,ภาษาไทย,69,868.0,34.0,74.0514,82.9646,66.0
รัฐประศาสนศาสตร์,คณิตศาสตร์ประยุกต์ 2,66,363.0,46.0,62.85,74.9666,66.0
รัฐประศาสนศาสตร์,คณิตศาสตร์ประยุกต์ 2,67,897.0,36.0,63.286,67.6526,66.0
รัฐประศาสนศาสตร์,คณิตศาสตร์ประยุกต์ 2,69,643.0,12.0,68.2995,71.9382,67.0
รัฐประศาสนศาสตร์,ภาษาจีน,66,67.0,2.0,64.4304,65.8358,66.0
รัฐประศาสนศาสตร์,ภาษาจีน,67,105.0,6.0,63.3276,66.9776,66.0
รัฐประศาสนศาสตร์,ภาษาจีน,68,14.0,0.0,,,66.0
รัฐประศาสนศาสตร์,ภาษาจีน,69,107.0,0.0,,,67.0
รัฐประศาสนศาสตร์,ภาษาญี่ปุ่น,66,35.0,2.0,65.9888,69.136,66.0
รัฐประศาสนศาสตร์,ภาษาญี่ปุ่น,67,86.0,8.0,63.2526,70.0944,66.0
รัฐประศาสนศาสตร์,ภาษาญี่ปุ่น,68,12.0,0.0,,,66.0
รัฐประศาสนศาสตร์,ภาษาญี่ปุ่น,69,73.0,1.0,70.6644,70.6644,67.0
รัฐประศาสนศาสตร์,ภาษาฝรั่งเศส,66,69.0,7.0,63.161,73.0804,66.0
รัฐประศาสนศาสตร์,ภาษาฝรั่งเศส,67,115.0,4.0,63.4944,65.3582,66.0
รัฐประศาสนศาสตร์,ภาษาฝรั่งเศส,68,5.0,0.0,,,66.0
รัฐประศาสนศาสตร์,ภาษาฝรั่งเศส,69,62.0,0.0,,,67.0
รัฐประศาสนศาสตร์,ภาษาสเปน,66,18.0,3.0,66.6166,73.025,66.0
รัฐประศาสนศาสตร์,ภาษาสเปน,67,41.0,5.0,63.3082,66.9722,66.0
รัฐประศาสนศาสตร์,ภาษาสเปน,68,8.0,0.0,,,66.0
รัฐประศาสนศาสตร์,ภาษาสเปน,69,49.0,0.0,,,67.0
รัฐประศาสนศาสตร์,ภาษาอังกฤษ,68,779.0,63.0,68.1582,77.2985,66.0
รัฐประศาสนศาสตร์,ภาษาอังกฤษ,69,1172.0,54.0,68.3276,74.1873,67.0
รัฐประศาสนศาสตร์,ภาษาเกาหลี,66,42.0,5.0,64.775,67.1526,66.0
รัฐประศาสนศาสตร์,ภาษาเกาหลี,67,93.0,4.0,63.9944,67.036,66.0
รัฐประศาสนศาสตร์,ภาษาเกาหลี,68,3.0,3.0,68.5276,70.1388,66.0
รัฐประศาสนศาสตร์,ภาษาเกาหลี,69,51.0,0.0,,,67.0
รัฐประศาสนศาสตร์,ภาษาเยอรมัน,66,27.0,1.0,64.3138,64.3138,66.0
รัฐประศาสนศาสตร์,ภาษาเยอรมัน,67,39.0,3.0,67.261,71.2472,66.0
รัฐประศาสนศาสตร์,ภาษาเยอรมัน,68,5.0,0.0,,,66.0
รัฐประศาสนศาสตร์,ภาษาเยอรมัน,69,46.0,0.0,,,67.0
สังคมวิทยาและมานุษยวิทยา,คณิตศาสตร์ประยุกต์ 2,66,196.0,9.0,70.125,83.8958,61.0
สังคมวิทยาและมานุษยวิทยา,คณิตศาสตร์ประยุกต์ 2,67,208.0,0.0,,,61.0
สังคมวิทยาและมานุษยวิทยา,คณิตศาสตร์ประยุกต์ 2,68,241.0,4.0,73.368,74.861,61.0
สังคมวิทยาและมานุษยวิทยา,คณิตศาสตร์ประยุกต์ 2,69,237.0,8.0,70.3588,75.5158,64.0
สังคมวิทยาและมานุษยวิทยา,ภาษาจีน,66,48.0,0.0,,,61.0
สังคมวิทยาและมานุษยวิทยา,ภาษาจีน,67,78.0,2.0,70.0,71.1665,61.0
สังคมวิทยาและมานุษยวิทยา,ภาษาจีน,68,59.0,0.0,,,61.0
สังคมวิทยาและมานุษยวิทยา,ภาษาจีน,69,82.0,2.0,71.6985,72.2973,64.0
สังคมวิทยาและมานุษยวิทยา,ภาษาญี่ปุ่น,66,39.0,0.0,,,61.0
สังคมวิทยาและมานุษยวิทยา,ภาษาญี่ปุ่น,67,70.0,0.0,,,61.0
สังคมวิทยาและมานุษยวิทยา,ภาษาญี่ปุ่น,68,56.0,1.0,73.4583,73.4583,61.0
สังคมวิทยาและมานุษยวิทยา,ภาษาญี่ปุ่น,69,66.0,3.0,70.3978,71.2893,64.0
สังคมวิทยาและมานุษยวิทยา,ภาษาฝรั่งเศส,66,52.0,4.0,70.7915,71.8333,61.0
สังคมวิทยาและมานุษยวิทยา,ภาษาฝรั่งเศส,67,72.0,3.0,70.0625,72.4375,61.0
สังคมวิทยาและมานุษยวิทยา,ภาษาฝรั่งเศส,68,64.0,3.0,75.375,80.611,61.0
สังคมวิทยาและมานุษยวิทยา,ภาษาฝรั่งเศส,69,57.0,3.0,70.0485,72.1558,64.0
สังคมวิทยาและมานุษยวิทยา,ภาษาสเปน,66,10.0,0.0,,,61.0
สังคมวิทยาและมานุษยวิทยา,ภาษาสเปน,67,26.0,0.0,,,61.0
สังคมวิทยาและมานุษยวิทยา,ภาษาสเปน,68,28.0,0.0,,,61.0
สังคมวิทยาและมานุษยวิทยา,ภาษาสเปน,69,34.0,0.0,,,64.0
สังคมวิทยาและมานุษยวิทยา,ภาษาเกาหลี,66,44.0,0.0,,,61.0
สังคมวิทยาและมานุษยวิทยา,ภาษาเกาหลี,67,78.0,5.0,70.7778,74.0208,61.0
สังคมวิทยาและมานุษยวิทยา,ภาษาเกาหลี,68,44.0,1.0,73.6458,73.6458,61.0
สังคมวิทยาและมานุษยวิทยา,ภาษาเกาหลี,69,39.0,1.0,71.1785,71.1785,64.0
สังคมวิทยาและมานุษยวิทยา,ภาษาเยอรมัน,66,17.0,0.0,,,61.0
สังคมวิทยาและมานุษยวิทยา,ภาษาเยอรมัน,67,37.0,2.0,72.7153,73.5415,61.0
สังคมวิทยาและมานุษยวิทยา,ภาษาเยอรมัน,68,21.0,1.0,73.3888,73.3888,61.0
สังคมวิทยาและมานุษยวิทยา,ภาษาเยอรมัน,69,35.0,0.0,,,64.0
สังคมวิทยาและมานุษยวิทยา,ภาษาไทย,66,2380.0,48.0,70.118,76.1875,61.0
สังคมวิทยาและมานุษยวิทยา,ภาษาไทย,67,1981.0,49.0,69.7915,75.9443,61.0
สังคมวิทยาและมานุษยวิทยา,ภาษาไทย,68,1389.0,51.0,73.2985,78.8888,61.0
สังคมวิทยาและมานุษยวิทยา,ภาษาไทย,69,831.0,47.0,69.9938,82.6863,64.0
